{"cameraMode":{"drawMode":0,"name":"Shaded","section":"Shading Mode"},"sceneLighting":false,"audioPlay":false,"sceneViewState":{"showFog":true,"showMaterialUpdate":false,"showSkybox":true,"showFlares":true,"showImageEffects":true,"showParticleSystems":true},"in2DMode":false,"pivot":{"x":1.3398056030273438,"y":2.4484238624572756,"z":-6.929482936859131},"rotation":{"x":-0.07449585199356079,"y":0.6687280535697937,"z":-0.06766398251056671,"w":-0.7366647124290466},"size":0.18247225880622865,"orthographic":false}