{"cameraMode":{"drawMode":0,"name":"Shaded","section":"Shading Mode"},"sceneLighting":false,"audioPlay":false,"sceneViewState":{"showFog":true,"showMaterialUpdate":false,"showSkybox":true,"showFlares":true,"showImageEffects":true,"showParticleSystems":true},"in2DMode":false,"pivot":{"x":1.3398056030273438,"y":2.4484238624572756,"z":-6.929482936859131},"rotation":{"x":-0.051642369478940967,"y":0.9393505454063416,"z":-0.29708629846572878,"w":-0.16338126361370088},"size":0.45214545726776125,"orthographic":false}