{"cameraMode":{"drawMode":0,"name":"Shaded","section":"Shading Mode"},"sceneLighting":true,"audioPlay":false,"sceneViewState":{"showFog":true,"showMaterialUpdate":false,"showSkybox":true,"showFlares":true,"showImageEffects":true,"showParticleSystems":true},"in2DMode":false,"pivot":{"x":-0.08046579360961914,"y":1.5807766914367676,"z":-6.544596195220947},"rotation":{"x":-0.11056382954120636,"y":0.632659912109375,"z":-0.09195941686630249,"w":-0.7609602808952332},"size":7.260350227355957,"orthographic":false}