{"cameraMode":{"drawMode":0,"name":"Shaded","section":"Shading Mode"},"sceneLighting":true,"audioPlay":false,"sceneViewState":{"showFog":true,"showMaterialUpdate":false,"showSkybox":true,"showFlares":true,"showImageEffects":true,"showParticleSystems":true},"in2DMode":false,"pivot":{"x":-0.6923513412475586,"y":2.501490831375122,"z":-6.44548225402832},"rotation":{"x":-0.16050733625888825,"y":0.17429696023464204,"z":-0.028837712481617929,"w":-0.9710955023765564},"size":5.478428363800049,"orthographic":false}