{"cameraMode":{"drawMode":0,"name":"Shaded","section":"Shading Mode"},"sceneLighting":true,"audioPlay":false,"sceneViewState":{"showFog":true,"showMaterialUpdate":false,"showSkybox":true,"showFlares":true,"showImageEffects":true,"showParticleSystems":true},"in2DMode":false,"pivot":{"x":-1.0792968273162842,"y":2.937913656234741,"z":-3.7757344245910646},"rotation":{"x":-0.1763058602809906,"y":0.02863304875791073,"z":-0.005159418564289808,"w":-0.9839053750038147},"size":6.674566268920898,"orthographic":false}