{"cameraMode":{"drawMode":0,"name":"Shaded","section":"Shading Mode"},"sceneLighting":false,"audioPlay":false,"sceneViewState":{"showFog":true,"showMaterialUpdate":false,"showSkybox":true,"showFlares":true,"showImageEffects":true,"showParticleSystems":true},"in2DMode":false,"pivot":{"x":-0.05543750524520874,"y":1.350000023841858,"z":-8.279999732971192},"rotation":{"x":-0.0919918343424797,"y":-0.7607730031013489,"z":0.11053688079118729,"w":-0.6328851580619812},"size":2.8578836917877199,"orthographic":false}