{"cameraMode":{"drawMode":0,"name":"Shaded","section":"Shading Mode"},"sceneLighting":false,"audioPlay":false,"sceneViewState":{"showFog":true,"showMaterialUpdate":false,"showSkybox":true,"showFlares":true,"showImageEffects":true,"showParticleSystems":true},"in2DMode":false,"pivot":{"x":1.3398056030273438,"y":2.4484238624572756,"z":-6.929482936859131},"rotation":{"x":-0.09369537979364395,"y":0.8455173969268799,"z":-0.158077210187912,"w":-0.5013313889503479},"size":0.45214545726776125,"orthographic":false}