{"cameraMode":{"drawMode":0,"name":"Shaded","section":"Shading Mode"},"sceneLighting":true,"audioPlay":false,"sceneViewState":{"showFog":true,"showMaterialUpdate":false,"showSkybox":true,"showFlares":true,"showImageEffects":true,"showParticleSystems":true},"in2DMode":false,"pivot":{"x":1.5086719989776612,"y":1.425805687904358,"z":-9.313626289367676},"rotation":{"x":-0.025395721197128297,"y":0.9709753394126892,"z":-0.12034634500741959,"w":-0.20513103902339936},"size":6.674566268920898,"orthographic":false}