{"cameraMode":{"drawMode":0,"name":"Shaded","section":"Shading Mode"},"sceneLighting":false,"audioPlay":false,"sceneViewState":{"showFog":true,"showMaterialUpdate":false,"showSkybox":true,"showFlares":true,"showImageEffects":true,"showParticleSystems":true},"in2DMode":false,"pivot":{"x":1.3398056030273438,"y":2.4484238624572756,"z":-6.929482936859131},"rotation":{"x":-0.09465831518173218,"y":0.8937528729438782,"z":-0.22470255196094514,"w":-0.37650296092033389},"size":0.18247225880622865,"orthographic":false}