{"cameraMode":{"drawMode":0,"name":"Shaded","section":"Shading Mode"},"sceneLighting":true,"audioPlay":false,"sceneViewState":{"showFog":true,"showMaterialUpdate":false,"showSkybox":true,"showFlares":true,"showImageEffects":true,"showParticleSystems":true},"in2DMode":false,"pivot":{"x":-0.6650000214576721,"y":1.9800000190734864,"z":-9.614999771118164},"rotation":{"x":-0.15520736575126649,"y":0.7163681387901306,"z":-0.16872282326221467,"w":-0.6589840650558472},"size":5.605291366577148,"orthographic":false}